Token_Position,Token_Type,Layer_0,Layer_1,Layer_2,Layer_3,Layer_4,Layer_5,Layer_6,Layer_7,Layer_8,Layer_9,Layer_10,Layer_11,Layer_12,Layer_13,Layer_14,Layer_15,Layer_16,Layer_17,Layer_18,Layer_19,Layer_20,Layer_21,Layer_22,Layer_23,Layer_24,Layer_25,Layer_26,Layer_27,Layer_28,Layer_29,Layer_30,Layer_31,Layer_32,Layer_33,Layer_34,Layer_35
621,audio,制约,vore,制约,制约,制约,制约,制约,制约,仂,VERR,目, , , , crossorigin,捷,捷,捷, crossorigin, crossorigin,_IMPORTED, crossorigin, crossorigin, crossorigin, crossorigin, crossorigin, ************************************************************************, , , , , , , , , 
622,audio,ToDevice,ToDevice,ToDevice,ToDevice,驰援,mtree,Truthy,mtree,WindowSize,WindowSize,.cloudflare,rh,rh,-Identifier,-Identifier,-Identifier,-Identifier,semb,semb,semb,都市报,都市报,都市报,semb,semb,非常多的,semb,不小的,非常多的,�,�,�,�, , , 
623,audio,ież,ież,ież,ież,ież,ież,ież,ież,ież,ież,semb,鸱,鸱,semb,semb,semb,semb,semb,semb,semb,都市报,semb,semb,|M,|M,|M,|M,|M,一开始就,一开始就,一开始就,一开始就,一开始就, , ,"
"
624,audio,<Resource,来不及,来不及,来不及,来不及,来不及,来不及,来不及,来不及,来不及,一开始就,なもの,tright,tright,zf,sheets,selectAll,现代社会,现代社会,为您,.dtd,.dtd,黍,=-=-=-=-=-=-=-=-,=-=-=-=-=-=-=-=-,=-=-=-=-=-=-=-=-,=-=-=-=-=-=-=-=-, , , , , , , , , 
625,audio,睹,:Event,睹,来不及,睹,睹,睹,Occurred,Occurred,Occurred,Occurred,一开始就,Occurred,Occurred,"*)""",ddf,"*)""","*)""","*)""",ableObject,一开始就,自来,壕,=-=-=-=-=-=-=-=-,_weather,/weather,/weather,|M,edException, ,�,",",事故, , , 
626,audio,=password,=password,=password,=password,=password,xca,=password,xca,"*)""",:Event,XB,"*)""",tsx,"*)""", ProductService, ProductService, ProductService, ProductService, ProductService, ProductService, ProductService, ProductService, ProductService,xfb,xfb,xfb,xfb,lian,/licenses,lian, , ,█, , ,"
"
627,audio,yen,一事,一事,Marca,Marca,yen,otp,otp,营业执照,营业执照,sonian,sonian,"*)""",ZH,eel,rq,"*)""","*)""", ,"*)""",都市报,.dtd,|M,ibase,ibase,为您,给了我,为您,/licenses,/licenses,现已,",", , , ,"
"
628,audio,一事,一事,一事,getWindow,getWindow,getWindow,getWindow,getWindow,"*)""",getWindow,Occurred,"*)""","*)""","*)""","*)""","*)""","*)""","*)""","*)""",为您,为您,为您,为您,为您,为您,为您,为您,为您,为您,一开始就,โ,",", , , , 
629,audio,听得,听得,听得,来不及,眨眼,来不及,来不及,来不及,来不及,来不及,Occurred,一开始就,一开始就,一开始就,一开始就,一开始就,一开始就,"*)""","*)""","*)""",一开始就,"*)""","*)""","*)""",ASF,烟花,一开始就,一开始就,一开始就, ,",",",", , , ,","
630,audio,睹,来不及,来不及,来不及,来不及,来不及,"*)""",来不及,"*)""","*)""","*)""","*)""","*)""","*)""","*)""","*)""","*)""","*)""","*)""","*)""","*)""",nex,nex,nex,nex,nex,/licenses,/licenses,/licenses, , , , , , , 
631,audio,Occurred,Occurred,Occurred,Occurred,Occurred,Occurred,Occurred,Occurred,Occurred,Occurred,Occurred,Occurred,Occurred,Occurred,Occurred,Occurred,Occurred,Occurred,Occurred,Occurred,一开始就,源源,Occurred,Occurred,烟花,烟花,一开始就,一开始就,一开始就, ,โ,",", , , ,","
632,audio,"'].""'","'].""'",yük,yük,yük,yük,:Event,:Event,:Event,:Event,"*)""","*)""","*)""","*)""","*)""","*)""","*)""","*)""","*)""","*)""",.mb,"*)""",自来, #####, #####, #####, #####,"""w",lian, , , , , , , 
633,audio, ​​,IRR,addGroup,tractor,tractor,tractor,😅, �,�,�,�,.SizeType,�,SCP,_IMPORTED,_IMPORTED,�,_IMPORTED,�,_IMPORTED,_IMPORTED,�,/licenses,�,/licenses,/licenses,/licenses,"""w",imulator,imulator, sounds,自然, natural, , , 
634,audio, toolkit, toolkit,*j,lü,otp,otp,Occurred,Occurred,otp,Occurred,Occurred,Occurred,ocl,"*)""","*)""","*)""","*)""","*)""","*)""","*)""","*)""","*)""","*)""","*)""",xEA,xEA,)r,)r,)r,)r,�,",",",", , ,","
635,audio,地方,地方,acb,cae,cae,uent,acb,cae,acb,acb,ocl,ocl, ,ocl,ocl, ,imulator,imulator,imulator,imulator,imulator,imulator,imulator,xfb,志愿,志愿,yb,yb, , , , , , , ,_
636,audio,uent,uent,uent,uent,uent,uent,uent,时不,ParameterValue,经济技术,伪, �, , ,imulator,imulator,imulator,imulator,imulator,imulator,imulator,imulator,imulator,imulator,yb,yb,imulator, , , , , , , , ,"
"
637,audio,yen,yen,yen,SCRI,"*)""","*)""","*)""","*)""","*)""","*)""",XD,"*)""","*)""",Occurred,"*)""","*)""","*)""","*)""","*)""","*)""","*)""","*)""","*)""","*)""","*)""",|M,一开始就,�,�,�,�,�,�,",", ,","
638,audio,登入,登入,登入,登入,登入,"*)""","*)""","*)""","*)""","*)""","*)""","*)""","*)""","*)""","*)""","*)""","*)""","*)""","*)""","*)""","*)""","*)""","*)""","*)""","*)""",递给,/licenses,�,�,�,�,�,�, , , 
639,audio,"'].""'",来不及,来不及,来不及,来不及,来不及,来不及,来不及,来不及,来不及,"*)""","*)""","*)""","*)""","*)""","*)""","*)""","*)""","*)""","*)""",.mb,.mb,.mb,装置,装置,<|endoftext|>,<|endoftext|>,<|endoftext|>, , , ,",",",", , ,","
640,audio,奠,登入,登入,登入,événement,événement,événement,喜,喜,喜,奠,elmet,Occurred,目に,目に,Occurred,=-=-=-=-=-=-=-=-,ideo,.githubusercontent,.mb,.mb,.mb,/weather,igsaw,/weather,/weather,/weather, �,=-=-=-=-=-=-=-=-,zf,�,",", , , , 
641,audio,可以从,:Event,:Event,:Event,:Event,:Event,:Event,"*)""",:Event,:Event,"*)""",.githubusercontent,"*)""","*)""","*)""","*)""","*)""","*)""","*)""","*)""","*)""","*)""","*)""", #####, #####, #####, #####, �,一开始就, , ,",", , , , 
642,audio,事,事,事,事,事,事,事,事,acb,acb,_, , , , , , , ,_,.getD,_,.getD,.getD,.getD,志愿,志愿,志愿,INCLUDING, ,?p, �, , , , , person
643,audio,事物,事物,事物,事物,事物, Terr, Terr, Terr,分支机构,分支机构, �, , , , , , , , �, �, �, �, �, �, �, �, �, �, �, �, �, �, �, , ,蓝图
644,audio,uar,**(,trys,trys,trys,venir,venir,法人,法人,法人,ㄟ,<|endoftext|>, �, �,ㄟ,<|endoftext|>,<|endoftext|>,;l,<|endoftext|>,<|endoftext|>,;l,;l,;l,;l,;l,;l,ınt,ınt,<|endoftext|>, ,<|endoftext|>,<|endoftext|>,<|endoftext|>,<|endoftext|>, ,<|endoftext|>
645,audio,ffffffff,ffffffff,ffffffff,ffffffff,ffffffff,啜,啜,AdapterManager,ableObject,.cloudflare,ThanOrEqualTo,日报,ㄟ,.cloudflare,eel,dzi,eel,.jetbrains,itemName,;l,磬,.jetbrains,磬,wj,eel,缑,不小的,磬,磬,磬,  ,  ,�, , ,"

"
646,audio,(cps,(cps,chandle,chandle,(cps,(cps,(cps,给了我,ableObject,给了我,给了我,|RF,"*)""","*)""","*)""",TimeString,小编一起,小编一起,"*)""",勃勃,/licenses,/licenses,勃勃,/licenses,勃勃,勃勃,/licenses,/licenses,/licenses, ,/licenses, ,"
", , , 
647,audio,<Element,来不及,来不及,来不及,<Element,来不及,<Element,来不及,来不及,来不及,给了我,>).,ABCDE,"*)""",ABCDE,_IMPORTED,_IMPORTED,"*)""","*)""","*)""",.mb,小编一起,小编一起,/licenses,/licenses,/licenses,/licenses,/licenses,/licenses,/licenses,/licenses,/licenses,/licenses, , , 
648,audio,OMATIC,来不及,来不及,来不及,来不及,来不及,来不及,来不及,来不及,来不及,Occurred,Occurred,Occurred,Occurred,Occurred,Occurred,Occurred,Occurred,"*)""","*)""",一开始就,=-=-=-=-=-=-=-=-,史上最,=-=-=-=-=-=-=-=-,=-=-=-=-=-=-=-=-,事故,=-=-=-=-=-=-=-=-,=-=-=-=-=-=-=-=-,一开始就,一开始就,一开始就, , , , , 
649,audio,=password,=password,=password,=password,=password,=password,=password,TextNode,TextNode,""")(",在玩家,dsn,"*)""","*)""","*)""","*)""","*)""","*)""","*)""","*)""",.mb,"*)""",为您,"*)""",ldb,_transient,.mb,非常多的,但是我,磬,磬,�,但是我, , ,"
"
650,audio,"!!)
",一事,"!!)
","!!)
","!!)
","!!)
","!!)
","!!)
","*)""",经济技术,经济技术,"*)""","*)""","*)""","*)""","*)""","*)""","*)""","*)""","*)""","*)""","*)""","*)""",loom,loom,ICC,ICC,ICC,"""f",lian,lian,"""w", , , , 
651,audio,"*)""","*)""","*)""","*)""","*)""","*)""","*)""","*)""","*)""","*)""","*)""","*)""","*)""",一开始就,"*)""","*)""","*)""","*)""","*)""","*)""","*)""","*)""","*)""","*)""","*)""","*)""","*)""",/licenses,)r,)r,一开始就,/licenses,/licenses,",", , vehicle
652,audio,因地,因地,因地,因地,因地,因地,因地,因地,ParameterValue,因地,.getD,但是我,但是我,但是我,但是我,但是我,但是我,但是我,但是我,"*)""",但是我,志愿,志愿,志愿,志愿,志愿,志愿,志愿, , ,�,�, , , , sounds
653,audio,评为,评为,评为,评为,评为,评为,评为,评为,评为,Occurred,Occurred,"*)""",Occurred,"*)""",一开始就,"*)""","*)""","*)""","*)""","*)""","*)""","*)""","*)""","*)""",xEA,/licenses,一开始就,一开始就,一开始就,一开始就,一开始就,为您, , , , 
654,audio,经济技术,经济技术,经济技术,经济技术,经济技术,经济技术,经济技术,经济技术,经济技术,经济技术,经济技术,ㄟ,"*)""","*)""","*)""","*)""","*)""","*)""","*)""","*)""", ************************************************************************,ldb,ldb,一年一度,icense,-FIRST,toast,/licenses,/licenses,/licenses,lian,为您,/licenses,/licenses, ,timestamp
655,audio,经济技术,经济技术,经济技术,经济技术,经济技术,经济技术,经济技术,经济技术,经济技术,经济技术,经济技术,ernote, NSCoder,"*)""","*)""", NSCoder,⌛,drs, NSCoder,/licenses, ************************************************************************, ************************************************************************,⌛,一年一度,⌛,-FIRST,⌛,⌛,/licenses,/licenses,lian,为您,LookAndFeel,lian, ,setMessage
656,audio,Occurred,一事,一事,来不及,一事,来不及,Occurred,Occurred,Occurred,Occurred,Occurred,一开始就,一开始就,一开始就,一开始就,一开始就,"*)""","*)""","*)""","*)""","*)""","*)""","*)""","*)""","*)""",/licenses,/licenses,一开始就,一开始就,一开始就,一开始就,)r, ,",", ,","
657,audio,综合性,综合性,综合性,综合性,综合性,综合性,综合性,综合性,"'].""'",Charset, , , , ,"*)""","*)""","*)""","*)""","*)""","*)""","*)""","*)""","*)""","*)""",xEA,xEA,�,�,�,�,�,�,�, , , vehicle
658,audio,)e,)e,)e,)e,ParameterValue,)e,)e,ParameterValue,ParameterValue,ParameterValue,ParameterValue,"
","""w",xfb,.getD,cbd,%p,"*)""",xfb,"*)""","*)""",rq,rq,xfb,xfb,xfb,xfb,xfb,"""w","""w","""w",�, �, , , 
659,audio,评为,评为,评为,评为,评为,评为,评为,评为,评为,Occurred,ableObject,ableObject,ableObject,风雨,风雨,风雨,风雨,风雨,"*)""","*)""","*)""","*)""","*)""","*)""","*)""",/licenses,但是我,但是我,但是我,但是我, , , , , ,"
"
660,audio,伉,伉,伉,SearchTree,伉,SearchTree,SearchTree,SearchTree,SearchTree,经济技术,经济技术, wireType,plr,tright,avad,tright,tright,plr,.jetbrains,plr,pong,pong,%p,%p,%p,pong,pong,plr,------+,------+, , , , , ,"
"
661,audio, Pending,ABCDE,ABCDE, Pending, Pending,ABCDE,ABCDE,ABCDE,ABCDE,AuthProvider,仵, <![,>).,plr,plr,plr,plr,plr,"*)""","*)""","*)""","*)""",>).,"*)""","*)""",事后,/licenses,�,>)., ,事后,/licenses, �, , , 
662,audio,评为,评为,来不及,来不及,评为,来不及,评为,评为,评为,来不及,Occurred,ableObject,Occurred,一开始就,一开始就,"*)""","*)""","*)""","*)""","*)""","*)""","*)""","*)""","*)""","*)""",一开始就,一开始就,一开始就,一开始就,一开始就,一开始就,/licenses,�, , , car
663,audio,一事,一事,一事,一事,一事,一事,暇,一事,:Event,:Event,给了我,tright,�,�,�,�,"*)""","*)""","*)""","*)""","*)""",辈,辈,xEA,辈,辈,给了我,�,�,�,�,�, , , ,ville
664,audio,Occurred,Occurred,来不及,来不及,来不及,来不及,来不及,来不及,来不及,来不及,Occurred,Occurred,一开始就,一开始就,一开始就,一开始就,"*)""","*)""","*)""","*)""","*)""","*)""","*)""","*)""",xEA,xEA,一开始就,为您,为您,一开始就,�,为您,",", , , engine
665,audio,�,�,�,azy,azy,azy,azy,azy,azy,azy,�,sonian,<|endoftext|>,�,但是我,�,"*)""","*)""","*)""","*)""",�,"*)""",�,�,�,�,�,�,�,�,�,�,�,�, ,"
"
666,audio, vant,走在,走在,فين,فين,فين,فين,فين,فين,经济技术,经济技术,�,<|endoftext|>,yb,yb,�,yb,�,imulator,imulator,imulator,imulator,imulator,yb,yb,yb,yb,yb,yb,yb,�,�,�, , ,"
"
667,audio,Marca,Marca,Marca,Marca,Marca,"*)""","*)""","*)""","*)""",(DataType,"*)""",)r,"*)""","*)""","*)""","*)""","*)""","*)""","*)""","*)""","*)""","*)""","*)""","*)""","*)""","*)""",)r,)r,)r,)r,)r,�,�,",", ,","
668,audio,税务,因地,因地,因地,因地,ItemCount,ItemCount,TEE,ParameterValue,ParameterValue,.SizeType, �,�,��,但是我,�,yb,yb,�,yb,�,yb,yb,afd,yb,yb,lian,�,�,�,�,�,​, , ,"
"
669,audio,听得,听得,听得,听得,flate,听得,听得,听得,听得,听得,听得, , , �, �, , �, �, �, �,.getD,.getD,.getD,.getD, �, �, �, �, �, �, , , , , , 
670,audio,水肿,"""She","""She",“She,flate,flate,flate,flate,flate,踔,铢,铢,铢,铢,滹,�,滹,滹,�,�,�,�,滹,滹,铢,铢,铢,plr,�,�, , ,�, , ,"
"
1269,audio,isContained,.Compose,.Compose,marginLeft,marginLeft,marginLeft,marginLeft,经验和,经验和,经验和,经验和, ,<|endoftext|>,<|endoftext|>,<|endoftext|>,<|endoftext|>,AFX,AFX,AFX,AFX,AFX,ocl,NAMESPACE,NAMESPACE,INCLUDING,壕,=-=-=-=-=-=-=-=-,性, , , , , , , ,"
"
1270,audio,褫,不曾,ilor,ilor,ilor,告知,ilage,不曾,ilor,ilor,.cloudflare,afd, , , , , , , ,youtu,甚至还,甚至还,鞘,甚至还,甚至还,甚至还,"""w","""w",甚至还, ,plr, ,plr, , ,"
"
1271,audio,褫,褫,不停,不停,不停,不停,pill,pill,pill,pill,pill, , , , , , , , , , , , ,CEL,",rp",ldb,"""w","""w","""w", ,"""w", , , , , 
1272,audio,ITT,ITT,ITT,ITT,ITT,ITT,ITT,ITT,ableObject,ableObject,sonian,一开始就,一开始就,一开始就,一开始就,一开始就,一开始就,一开始就,一开始就,一开始就,一开始就,一开始就,一开始就,一开始就,一开始就,一开始就,一开始就,一开始就, ,一开始就,一开始就, ,�, , , 
1273,audio,Marca,Marca,Marca,Marca,Marca,Marca,Marca,Marca,(Window,isci,ocl,ocl,一开始就,一开始就,一开始就,一开始就,afd,"*)""","*)""",afd,一开始就,一开始就,源源,xEA,gé,ynet,;&#,/licenses,/licenses,一开始就,�,ynet,�,机, , 
1274,audio,TextNode,TextNode,TextNode,TextNode,TextNode,Writes,Writes,FOUNDATION,UpDown,UpDown,.SizeType,在玩家, ProductService,甚至还,每天都,"*)""", ProductService, ProductService, ProductService,�, ProductService, ProductService, ProductService, ProductService, ProductService,�,�,�,�,磬,磬,磬,磬,磬,sss,(iOS
1275,audio,Marca,(Window,Marca,Marca,Marca,(Window,(Window,(Window,getWindow,getWindow,ocl,一开始就,一开始就,一开始就,一开始就,"*)""","*)""","*)""","*)""","*)""","*)""",gé,"*)""",SURE,gé,gé,小编一起,小编一起,一开始就,一开始就,一开始就,�,�,inan, ,","
1276,audio,金融科技,(Window,(Window,(Window,(Window,(Window,(Window,(Window,(Window,(Window,Occurred,一开始就,一开始就,一开始就,一开始就,"*)""","*)""","*)""","*)""","*)""","*)""","*)""","*)""",小编一起,小编一起,小编一起,小编一起,小编一起,一开始就,一开始就,一开始就,小编一起,�,/licenses, ,"
"
1277,audio,一事,一事,一事,一事,一事,一事,一事,一事,一事,isci,ocl,ocl,.qq,"*)""","*)""","*)""",我的心,"*)""","*)""","*)""","*)""","*)""","*)""",.qq,我又,小编一起,小编一起,█,imulator,█,�,/licenses,�, , , 
1278,audio,AAD,(Window,:Event,:Event,:Event,(Window,:Event,:Event,:Event,:Event,subcategory,一开始就,一开始就,一开始就,"*)""","*)""","*)""","*)""","*)""","*)""","*)""",给了我,xEA,xEA,小编一起,小编一起,/licenses,为您,ynet,一开始就,�,ynet,�,inan, , 
1279,audio,(Window,(Window,(Window,(Window,(Window,(Window,(Window,(Window,(Window,(Window,AFX,AFX,AFX,ourd,AFX,"*)""","*)""","*)""","*)""",gé,源源,gé,源源,gé,gé,gé,AFX,为您,ynet,一开始就,ynet,ynet,�, , , 
1280,audio,一事,一事,一事,一事,一事,一事,一事,一事,一事,"*)""",dsn,"*)""","*)""","*)""","*)""", ProductService,"*)""",在玩家,"*)""","*)""","*)""","*)""", ProductService,小编一起,xfb,肺炎,肺炎,/licenses,/licenses,█,█,/licenses,/licenses,ic, ,"
"
1281,audio,orro,事,ım,､,､,､,､,DSA,DSA,matchCondition,matchCondition, ProductService,但是我, ProductService, ProductService, ProductService,imulator,imulator, ProductService,+xml,ldb,.GroupLayout,.GroupLayout,磬,磬,�,uft,�,�, , , , , , ,"
"
1282,audio,>Create,>Create,>Create,getWindow,getWindow,>Create,>Create,>Create,"*)""",>Create,ocl,AFX,ocl,ourd,"*)""","*)""","*)""","*)""","*)""","*)""","*)""","*)""","*)""",gé,gé,gé,gé,一开始就,一开始就,一开始就,一开始就,/licenses,/licenses,/licenses, ,机
1283,audio,统一,IRR,tractor,tractor,tractor,😅,😅,�, �,;&#,_IMPORTED,_IMPORTED,_IMPORTED,磋,_IMPORTED,_IMPORTED,�,_IMPORTED,_IMPORTED,_IMPORTED,_IMPORTED,_IMPORTED,/licenses,�,/licenses,/licenses,/licenses,�,/licenses,/licenses,�,哞,哞, , , 
1284,audio,一事,一事,一事,一事,一事,一事,一事,"*)""","*)""",:Event,"*)""",ddb,ddb,ddb,一开始就,"*)""","*)""","*)""","*)""","*)""","*)""","*)""","*)""",小编一起,小编一起,小编一起,小编一起,小编一起,IU,|M,现已,淅,雨,ladesh, ,"
"
1285,audio,联合会,联合会,联合会,联合会,联合会,联合会,联合会,联合会,"*)""","*)""","*)""",ableObject,"*)""","*)""","*)""","*)""", ProductService, [[[,"*)""","*)""",ystate,cts,ystate,ystate, [][], [][],lian,搬家,egis,lian,搬家,氧,uml,axter, ,"

"
1286,audio,chandle,chandle,chandle,chandle,chandle,chandle,chandle,chandle,",ID",",ID",ddb,ddb,"*)""","*)""","*)""","*)""",>).,efd,efd,>).,>).,>).,/licenses,/licenses,/licenses,/licenses,/licenses,/licenses,/licenses,/licenses,/licenses,/licenses,/licenses, , ,"
"
1287,audio,侧面,Occurred,Occurred,Occurred,oose,ableObject,ableObject,ableObject,ableObject,ableObject,ableObject,ableObject,ableObject,ableObject,elmet,一开始就,elmet,cxx,把这个,把这个,cxx,把这个,把这个,/weather,/weather,/weather,/weather, , , , , , , , ,","
1288,audio,oose,oose,oose,oose,oose,oose,裟,oose,oose,裟,裟,个交易,eel,BK,BK,ৎ,非常多的,mour,小编一起,)>>,ystate,-Clause,oord,.githubusercontent,.githubusercontent,/licenses,nex,/licenses,/licenses,icus,uality,weather,weather,天气, ,"
"
1289,audio,:init,RAIN,RAIN,RAIN,RAIN,Occurred,:Event,Occurred,Occurred,AttributeName,Occurred,一开始就,ableObject,Occurred,一开始就,一开始就,"*)""","*)""","*)""","*)""","*)""",-Clause,xEA,xEA,xEA,小编一起,小编一起,/licenses,/licenses,█,​,",",",",",", ,"
"
1290,audio,Occurred,*j,*j,眨眼,眨眼,眨眼,Occurred,Occurred,Occurred,Occurred,Occurred,Occurred,Occurred,Occurred,Occurred,Occurred,Occurred,urat,Occurred,Occurred,"*)""",fbe,阉,edException,ocz,ocz,█,<![,<![,<![,<![,<![,ladesh, , ,","
1291,audio,PMC,做到,elter,elter,elter,､,､,落实,uae,uae,__);,dsn,แ,แ,แ,แ,忤,"*)""","*)""","*)""","*)""",透,营地,住房和,"*)""",NavController,&p,lian,NavController, ,------+,------+, , , ,"
"
1292,audio,祯,)new,)new, AVC, AVC,venir,venir,atel,roz,祯,祯, �, �, �, �,"
","
","
", ,s,😅,😅,😅,😅,不小的,不小的,不小的,不小的,",", ,",",",","
","
","
","
"
1293,audio,Occurred,Occurred,Occurred,Occurred,Occurred,Occurred,Occurred,Occurred,Occurred,Occurred,Occurred,Occurred,Occurred,Occurred,Occurred,Occurred,Occurred,Occurred,Occurred,Occurred,"*)""","*)""","*)""","*)""",(AT,",rp",",rp",โ,โ,โ,�,�,�, , , sound
1294,audio,联合会,联合会,联合会,联合会,联合会,联合会,联合会,联合会,联合会,",ID",(AT,ableObject,>).,(AT,每天都,"*)""",>).,酊,dj,_music,/licenses,_music,/licenses,/licenses,/licenses,/licenses,/licenses,/licenses,/licenses,/licenses,/licenses, , , , , 
1295,audio,侧面,来不及,来不及,来不及,来不及,来不及,来不及,来不及,来不及,来不及,一开始就,一开始就,一开始就,一开始就,一开始就,一开始就,一开始就,"*)""","*)""",小编一起,一开始就,-Clause,-Clause,小编一起,cxx,小编一起,小编一起,小编一起,icus,icus,现已,",",weather,ladesh, ,","
1296,audio,*j,*j,来不及,来不及,来不及,来不及,来不及,*j,来不及,来不及,Occurred,来不及,来不及,来不及,ddb,Occurred,Occurred,Occurred,Occurred,Occurred,在玩家,在玩家, fread,",rp",",rp",yb,otron,yb,yb,​,โ,",",",",",", ,","
1297,audio,侧面,侧面,侧面,来不及,侧面,来不及,Occurred,来不及,来不及,来不及,Occurred,一开始就,一开始就,来不及,一开始就,一开始就,一开始就,"*)""","*)""","*)""","*)""",-Clause,"*)""",小编一起,小编一起,给了我,给了我,小编一起,为您,为您,为您,现已,�, , ,"
"
1298,audio,/Area,垛,=password,=password,yük,xEC,uParam,根底,根底,",ID",JUnit,(PR,"*)""","*)""", ProductService, ProductService, ProductService, ProductService, ProductService,"*)""",.SizeType, =======,但是我,但是我,但是我,日报,磬,磬,磬,磬,磬,磬,磬,宁县,"
","
  
"
1299,audio,_nbr,不间,不间,不间,不间,带队,不间,不间,不间,不间,ernote,岛上,甚至还,甚至还,ernote,dsn,xDB,⌛,亲身,不知不,但是我,不知不,////////////////////////////////////////////////////////////////////////////,�,�,�,�,�,�,�,pone,pone,搬家,çi, ,逆
1300,audio,一事,一事,一事,aterno,pcf,()){,()){,拨打,"*)""",.qq,afd,lian,甚至还,lian,甚至还,甚至还,甚至还,"*)""","*)""","*)""","*)""","*)""","*)""","*)""",lian,甚至还,"""w",ldb,lian,lian,lian,甚至还,&p, , ,"
"
1301,audio,流,时不,时不,时不,时不,时不,时不,ABCDE,ABCDE,时不,ABCDE,-UA,"*)""","*)""","*)""","*)""",edb, �,+++,+++, �, �, �,+++,+++, �, �, �, , , , , , , , 
1302,audio,(Window,(Window,(Window,getWindow,getWindow,getWindow,getWindow,getWindow,getWindow,getWindow,getWindow,一开始就,一开始就,ourd,一开始就,"*)""","*)""","*)""","*)""","*)""","*)""",gé,gé,gé,gé,gé,一开始就,一开始就,一开始就,一开始就,一开始就,为您,�,",", , 
1303,audio,/layout,getWindow,getWindow,getWindow,getWindow,getWindow,getWindow,来不及,来不及,getWindow,getWindow,一开始就,一开始就,一开始就,一开始就,"*)""","*)""","*)""","*)""","*)""","*)""","*)""","*)""","*)""","*)""",gé,IU,IU,一开始就,为您,�,�,�,�, ,"
"
1304,audio,toolbox,(Window,(Window,(Window,(Window,(Window,(Window,(Window,(Window,(Window,甚至还,甚至还,甚至还,"*)""",甚至还,%p,ς,*)((,xEA,edException,梯队,😅,/licenses,梯队,�,�,为您,ldb,ldb,​,)r,退回,退回, , , 
1305,audio,一事,一事,一事,一事,一事,一事,getWindow,getWindow,getWindow,getWindow,afd,LookAndFeel,.qq,"*)""","*)""","*)""","*)""","*)""","*)""","*)""","*)""","*)""","*)""","*)""",ynet,ynet,ynet,ynet,ynet,ynet,�,ynet,�, , ,机
1306,audio,AEA,事,acus,acus,acus,	Copyright,	Copyright,	Copyright,	Copyright,"""w","""w",ɐ,plr,plr,👈,👈,👈,👈,;d,ynet,👈,👈,👈,"%""","%""","""w","""w","""w","""w","""w","""w",�,�, , , Piano
1307,audio, vant, vant, vant, vant, flatt, vant,OrUpdate,OrUpdate,OrUpdate,TimeZone,维,edImage,eea,维,维,imulator,imulator,imulator,.jetbrains,.jetbrains,.jetbrains,imulator,ladesh,ladesh,yb,ς,ς,/licenses,/licenses,/licenses,/licenses,/licenses, , , , impeccable
1308,audio,getline,xAB,xAB,xAB,xAB,"!!)
",__),__),__),__),.SizeType,.SizeType,plr,plr,plr,plr,plr,plr,plr,plr,plr,plr,plr,plr,plr,plr,plr,plr,plr,lian,plr,�,�,_, ,汽车
1309,audio,统一,统一,统一,统一,HEST,HEST,eva,atel,统一,ESC,dsa,"""w",-UA,-UA, manh,-Clause,SenderId,小编一起,SenderId, ProductService,;&#,%p,�,�,�,�,互相,.SizeType,.SizeType,被,被,被,走,被, , 
1310,audio,对象, fisse, fisse, fisse, fisse, fisse, fisse,ableObject,ableObject,ableObject,琅,ableObject,efd,"*)""","*)""","*)""","*)""","*)""","*)""","*)""","*)""","*)""","*)""",/licenses,/licenses,/licenses,/licenses,/licenses,/licenses,/licenses,/licenses,",",/licenses, , ,"
"
1311,audio,otp,*j,*j, fisse, fisse, fisse,otp,*j,otp,Occurred,Occurred,ActionCode,来不及,zf,findById,findById,findById,eenth,eenth,eenth,fbe,findById,fbe,fbe,小编一起,fbe,=-=-=-=-=-=-=-=-,fbe,fbe,โ,โ, , , , , 
1312,audio,AAD,*j,来不及,来不及,来不及,来不及,来不及,裟,裟,裟,ZH,一开始就,一开始就,一开始就,一开始就,一开始就,一开始就,"*)""","*)""","*)""",.mb,.mb,给了我,为您,iare,小编一起,一开始就,一开始就,一开始就,一开始就,为您,现已,摩托, , , 
1313,audio,Occurred,Occurred,ableObject,来不及,ableObject,来不及,Occurred,Occurred,ableObject,Occurred,ableObject,一开始就,一开始就,一开始就,一开始就,一开始就,一开始就,风雨,:Event,:Event,"*)""",小编一起,小编一起,小编一起,(AT,swick,<![,一开始就,一开始就,一开始就,一开始就, , , , ,"
"
1314,audio,Occurred,Occurred,Occurred,来不及, assignable,来不及,Occurred,Occurred,来不及,Occurred,Occurred,一开始就,一开始就,Occurred,一开始就,""")(",:Event,:Event,"*)""","*)""","*)""","*)""",小编一起,xfb,(AT,:Event,xfb,<![,一开始就,一开始就,一开始就,",", , , ,"
"
1315,audio,RTC,RTC,rophe,rophe,rophe,فين,فين,"*)""","*)""","*)""","*)""",lian,"*)""","*)""",不小的,忤,忤,"*)""","*)""","*)""","*)""","*)""",yb,yb,yb,yb,yb,yb,yb,yb,/licenses,/licenses,�, , ,że
1316,audio,对话,事,AttributeValue,AttributeValue,TEE,TEE,فين,TEE,ParameterValue,ParameterValue,.getD,eea,eea,lian,lian,cbd,yb,yb,yb,.getD,lian,yb,yb,afd,yb,yb,yb,yb,yb,yb, , ,�, , ,"
"
1317,audio,Occurred,听得,听得,听得,听得,Occurred,Occurred,Occurred,Occurred,Occurred,Occurred,Occurred,Occurred,Occurred,xfb,Occurred,Occurred,"*)""","*)""",:Event,"*)""","*)""","*)""",xfb,xfb,swick,xfb,swick,/licenses,�,�,/licenses,�, , ,"
"
1318,audio,")!
",")!
",")!
",")!
",")!
",")!
",笸,笸,笸,"""""
", sourceMappingURL,铢,铢,plr,-www,-www,cbd,getResponse,滹,-FIRST,getResponse,getResponse,plr,plr,xfb,xfb,-FIRST,xfb,-FIRST,xfb,��, , , , ,"
"
1319,audio,经验和,eneg,eneg,经验和,经验和,eneg,经验和,经验和,经验和,经验和,经验和, ,<|endoftext|>,<|endoftext|>,<|endoftext|>,<|endoftext|>,就是因为,ocl,<|endoftext|>,<|endoftext|>,就是因为,就是因为,就是因为,█,▾,█,性的,性的,-,-,",",",", �, �, , 
1320,audio,褫,事先,ilor,ilor,告知,فين,فين,ilor,ilor,.cloudflare,.cloudflare,rl, , , , , , , ,永不,甚至还,甚至还,currentTime,imulator,-FIRST,"""w","""w","""w","""w",lian,"""w", ,"
","
","
","
"
1321,audio,褫,事先,褫,ież,ież,RTC,ież,RTC,すぐに,RTC,永不,LookAndFeel,.qq,ZH,ZH,.mb,.mb,.mb,",rp","*)""","*)""",NSBundle,",rp","*)""",",rp",ерт,",rp",",rp",",rp",",rp",�,-Christian, �, , , 
1322,audio,统一,或多,或多,或多,tractor,资源, �, �, �,�, �,_IMPORTED,�,蛉,_IMPORTED,�,�,�,�,.githubusercontent,-Clause,.githubusercontent,.githubusercontent,�,.githubusercontent,/licenses,/licenses,/licenses,/licenses, , , , , , , 
1323,audio,*j,*j,*j,*j,*j,*j,*j,*j,*j,*j,一开始就,一开始就,<![,<![,ZH,ety,<![,<![,<![,ereo,<![,开来,<![,<![,<![,<![,<![,一开始就,一开始就,一开始就,一开始就,/licenses,<![, , , 
1324,audio,oland,oland,oland,oland,oland,oland,oland,oland,",ID",",ID",sonian, […, […,"*)""", ProductService,"*)""","*)""","*)""","*)""","*)""","*)""","*)""",为您,为您,每次都,每次都,|M,-Christian,/licenses,ladesh,",rp",ladesh,ladesh,ladesh, ,"
"
1325,audio,TextNode,TextNode,TextNode,TextNode,TextNode,TextNode,TextNode,TextNode,TextNode,TextNode,"*)""", ((((,"*)""","*)""","*)""","*)""","*)""","*)""","*)""","*)""","*)""", =======,但是我,小编一起,MDB,_transient,♫,ldb,�,lian,�,�,�,ereo, ,"
"
1326,audio,一事,一事,一事,	Copyright,	Copyright,	Copyright,	Copyright,	Copyright,	Copyright,.qq,.qq,甚至还,甚至还,甚至还,甚至还,甚至还,imulator,imulator,"*)""","*)""",ldb,ldb,"*)""",ladesh,ldb,ldb,ldb,ldb,ldb,█,█,█,ladesh, , ,"
"
1327,audio,事物,	Copyright,	Copyright,	Copyright,	Copyright,	Copyright,	Copyright,	Copyright,	Copyright,	Copyright,lian,lian,甚至还,甚至还, manh,甚至还,甚至还,imulator,"*)""",小编一起,imulator,imulator,imulator,imulator,小编一起,"""w","""w","""w","""w",imulator,imulator,/licenses,&p, , , 
1328,audio,事,事,Codec,Codec,Codec,Codec,	Copyright,	Copyright,者,营业执照,lian, ,lian,lian,lian,lian,lian,肺炎,lian,lian,lian,肺炎,-FIRST,肺炎, , ,肺炎,肺炎, , ,�, , , , , 
1329,audio,事,事,事,事,事,	Copyright,eel,eel,eel,eel,eel,eel,eel,透,eel,eel,eel,肺炎,ynet,ynet,.getD,ynet,.getD,xfb,matchCondition,itsu,itsu,�,�, , , , , , ,"
"
1330,audio,事,事,事,任何人,	Copyright,､,､,	Copyright,	Copyright,	Copyright,"""w","""w",甚至还,"""w",uml,甚至还,uml,imulator,甚至还,ynet,imulator,imulator,imulator,+xml,lian,"""w","""w","""w","""w","""w",�,�,�, , ,"
"
1331,audio,产,产,RTC,产,RTC,ivet,ivet,ivet,ocl,ocl,ocl,ocl,ocl,透,透,"*)""","*)""","*)""","*)""","*)""","*)""","*)""","*)""","*)""",小编一起,gé,旁,为您,旁,为您,为您,/licenses,发动机, , , car
1332,audio,atel,atel,atel,atel,atel,atel,atel,atel,atel,atel,atel,なもの,lian,lian,ldb,ertools,ertools,"*)""","*)""","*)""","*)""", =======, =======, =======, =======,NEL,NEL, […,�,uml,icum,lian,lian,uml, ,"
"
1333,audio,AFE,AFE,AFE,inode,isci,inode,inode,"*)""","*)""",isci,ocl,源源,琅,.constraint,.ev,"*)""","*)""","*)""","*)""","*)""","*)""",GROUND,GROUND,源源,小编一起,/licenses,/licenses,/licenses,/licenses,)r,/licenses,/licenses,机,机, ,机
1334,audio,ppv,联合会,联合会,联合会,联合会,联合会,联合会,联合会,联合会,联合会,getResource,ddb,"*)""","*)""","*)""",ymm, ProductService,.ev,"*)""",吃得,.ev,糨,震,糨,鼓,鼓,/licenses,/licenses,/licenses,�,鼓,鼓,鼓,鼓, ,","
1335,audio,听得,听得,*j,*j,*j,*dt,*dt,🚩,琅,琅,琅,>).,>).,>).,ৎ,"*)""",efd,efd,小编一起,小编一起,efd,帳,/licenses,/licenses,/licenses,/licenses,/licenses,/licenses,/licenses,/licenses,/licenses,/licenses,/licenses, , ,"
"
1336,audio,*j,*j,*j,*j,*j,裟,裟,裟,裟,裟,裟,�,ocl,�,�,裟,SBATCH,SBATCH,�,�,�,�,�,<![,小编一起,​,<![,​,<![,<![,<![,永不,​, , ,","
1337,audio,产,*j,*j,*j,*j,裟,裟,裟,裟,裟,ocl,裟,开来,开来,开来,开来,开来,递给,开来,开来,郅,开来,/licenses,/licenses,/licenses,/licenses,/licenses,/licenses,<![,​,<![,�,velopment,开来, , 
1338,audio,quete,RAND,RAND,rende,rende,在我的,在我的,在我的,在我的,在我的,Occurred,一开始就,一开始就,Occurred,一开始就,一开始就,一开始就,"*)""","*)""","*)""","*)""",-Clause,SBATCH,SBATCH,inent,为您,)r,/licenses,)r,一开始就,/licenses,/licenses,机,机, , 
1339,audio,heel,heel,heel,OAD,heel,､, Covenant, Covenant, Covenant,imd,imd,imd,imd,imd,imd,cbd,cbd,cbd,cbd,"*)""",cbd,getWindow,getWindow,xfb,xfb,ⓒ,ⓒ,xfb,xfb,xfb,xfb,xfb,&p,inan, ,"
"
1340,audio,联系,elter,elter,elter,elter,ivet,联系,atel,arkan,ereo,s,LookAndFeel,lian,lian,█,�,;&#,;&#,;&#,;&#,;&#,imulator,imulator,imulator,imulator,imulator,imulator,imulator,imulator,imulator,emachine,机,弹,弹, machine, 
1341,audio,")
",")
",")
",Runtime,"
","
",venir,"
","
","
","
","
", , , ,"
",透,"
","*)""","*)""",现代社会,现代社会,现代社会,现代社会,现代社会,现代社会,现代社会,现代社会, , , , , , , , 
1342,audio,桴,*j,*j,*j,*j,*j,裟,裟,裟,裟,Occurred,Occurred,来不及,ourd,ourd,裟,裟,裟,ourd,ourd, Keystone, Keystone,源源,源源,源源,​,​,​,​,​,<![,�, , , , 
1343,audio,",rp",联合会,联合会,-REAL,联合会,>Main, blinking, blinking,(AT,",rp",",rp",",rp",.qq,"*)""","*)""",每天都,cts,糨,糨,_music,糨,_music,/licenses,/licenses,/licenses,/licenses,/licenses,/licenses,/licenses,/licenses,/licenses,/licenses,/licenses,",", ,","
1344,audio,裟,*j,*j,*j,*j,裟,裟,裟,裟,裟,裟,裟,来不及,ourd,Occurred,裟,裟,裟,裟, Keystone,源源, Keystone,源源,源源,源源,源源,源源,一开始就,一开始就,一开始就,<![,永不,​, , , 
1345,audio,*j,*j,*j,*j,*j,*j,裟,*j,裟,裟,裟,裟,来不及,ZH,裟,裟,<![,<![,<![,urement,源源,-Clause,roma,roma,gé,gé,​,​,​,一开始就,一开始就,ourd,弹,​, , 
1346,audio,(Window,(Window,(Window,(Window,(Window,(Window,(Window,(Window,getWindow,getWindow,getWindow,LookAndFeel,来不及,来不及,无线电,")(""",")(""",ety,getWindow,小编一起,ς,getWindow,getWindow,gé,gé,getWindow,otron,otron,",rp",<![,",rp",itsu,<![, , ,"
"
1347,audio,将来,挞,FTP,挞,挞,getWindow,挞,挞,getWindow,oref,_WP,.python,.python,"*)""",.python,姨,"*)""","*)""",姨,"*)""","*)""","*)""",姨,现代社会,姨,ymm,甚至还,甚至还,甚至还,一下子,一下子, , , , , 
1348,audio,事,事,事,信息,事,信息,信息,信息,信息,院长,捷,LookAndFeel,LookAndFeel,matchCondition,ymm,ymm,lian,"*)""","*)""","*)""","*)""","*)""",ogui,ogui,ogui,lian,"""w","""w","""w",lian,"""w", , , , ,"
"
1349,audio,事物,事,事,事,事,事,事,s,注明来源,注明来源,s,ph, , , , , ,"
", ,_, ,透,透,------+,透,透,lian,------+,"""w",lian,------+,",",",", , , laptop
1350,audio,reeze,reeze,*j,otp,otp,getWindow,裟,裟,getWindow,裟,裟,裟,来不及,ourd,ourd,裟,裟,裟,裟,ourd, Keystone, Keystone,源源,源源,​,​,​,​,​,​,永不,​,​, , , 
1351,audio,quete,来不及,来不及,来不及,来不及,来不及,来不及,来不及,来不及,来不及,琅,LookAndFeel,来不及,来不及,izedName,甚至还,ourd,"*)""","*)""","*)""",izedName,"*)""",izedName,SBATCH,izedName,flater,/licenses,/licenses,/licenses,)r,)r,/licenses,/licenses, , ,"
"
1352,audio,听得,听得,来不及,来不及,来不及,来不及,来不及,来不及,裟,来不及,裟,裟,来不及,来不及,Occurred,Occurred,Occurred,otp,谁都,小编一起, Keystone, Keystone,永不,源源,源源, Keystone,永不,一开始就,​,一开始就,永不,永不,​, , , 
1353,audio,裟,*j,*j,*j,*j,裟,裟,裟,裟,裟,裟,裟,来不及,ourd,裟,裟,裟,裟,ourd,ourd,源源,findById,源源,源源,源源,源源,​,永不,​,​,<![,现已,�,​, ,","
1354,audio,垛,垛,垛,垛,不间,带队,带队,"()==""",带队,带队, basePath,甚至还,"*)""",甚至还,甚至还,不知不,不知不,不知不,不知不,不知不,.SizeType, =======,xEA,xEA,�,-Clause,/epl,ystate,�,�,磬,/licenses,uml,uml, , Crescent
1355,audio,听得,听得,听得,一事,一事,getWindow,(Window,getWindow,getWindow,听得,getWindow,甚至还,甚至还,甚至还,甚至还,甚至还,dsn,"*)""","*)""","*)""","*)""","*)""",小编一起,小编一起,小编一起,小编一起,小编一起,小编一起,isque,​,isque,现已,现已, , , machine
1356,audio,听得,听得,听得,听得,听得,听得,"()<<""",)|(,听得,听得,fbe,fbe,甚至还,ReturnValue,.wp,""")(","*)""","*)""","*)""","*)""","*)""",子弟,"*)""",子弟,小编一起, Keystone,|M,|M,)r,)r,一开始就,现已,ereo, , , sound
1357,audio,事物,事物,事物,ParameterValue,ParameterValue,ucs,anker,acam,ParameterValue,ParameterValue,"""w",lian,lian,lian,lian,NavController,yb,样的,imulator,样的,imulator,ynet,imulator,样的,ynet,NavController,"""w","""w","""w","""w","""w",�,�, , ,"
"
1358,audio,紧密,紧密,AFX,AFX,AFX,AFX,AFX,AFX,AFX,AFX,AFX,AFX,AFX,AFX,"(""""",cbd,cbd,"*)""",edImage,"*)""",edImage,edImage,edImage,edImage,edList,😅,😅,😅,yb, ,😅, , , , , 
1359,audio,قف,(Window,(Window,(Window,>Main,>Main,(Window,(Window,(Window,(Window,燎,.wp,.wp,.wp,.wp,(KeyCode,(KeyCode,(KeyCode,子弟,ourd, Keystone, Keystone, Keystone,gé,gé, Keystone, Keystone,)r,​,<![,<![,<![,<![, , ,枪
1360,audio,擎,擎,擎,oland,oland,rouw,ABCDE,ABCDE,ABCDE,ABCDE,ABCDE,ABCDE,ABCDE,"*)""","*)""",""")(",efd,efd,"*)""","*)""","*)""",娘家,娘家,娘家,娘家,lian,/licenses,/licenses,/licenses, ,/licenses,/licenses,/licenses, , ,.
1361,audio,quete,getWindow,来不及,来不及,来不及,getWindow,来不及,getWindow,getWindow,来不及,getWindow,一开始就,来不及,一开始就,一开始就,""")(",")(""","*)""","*)""","*)""",小编一起,小编一起,小编一起,小编一起,小编一起,小编一起,一开始就,一开始就,一开始就,一开始就,<![,/licenses,​, , , 
1362,audio,听得,听得,听得,听得,听得,getWindow,getWindow,getWindow,getWindow,getWindow,Occurred,一开始就,来不及,来不及,无线电,ereo,"*)""","*)""","*)""","*)""","*)""","*)""","*)""","*)""", Keystone, Keystone,什么原因,一开始就,)r,<![,<![,现已,ereo, , ,ling
1363,audio,暇,暇,暇,暇,暇,暇,暇,暇,"*)""","*)""","*)""",yb,甚至还,"*)""","*)""","*)""","*)""","*)""","*)""","*)""","*)""","*)""","*)""",yb,yb,yb,yb,yb,yb,yb,�,�,�, , , gunshot
1364,audio,Pointer,扬,AttributeValue,如何去,如何去,该如何,如何去, Undefined,"*)""","*)""","*)""",yb,"*)""","*)""","*)""","*)""",yb, WithEvents,lian,lian,lian,yb,yb,yb,yb,yb,yb,yb,yb,_,_,_,_, , ,_
1365,audio,RTC,(Window,(Window,(Window,(Window,getWindow,getWindow,getWindow,getWindow,getWindow,getWindow,getWindow,Occurred,Occurred,Occurred,Occurred,"*)""","*)""","*)""","*)""","*)""",SBATCH,SBATCH,SBATCH,yb,yb,SBATCH,yb,)r,一开始就,无线电,/licenses,<![, , , engine
1366,audio,事,事,AttributeValue,AttributeValue,AttributeValue,哑,哑,afc,arkan,IRR,afd,yb,yb,维,yb,yb,yb,;charset, ProductService,.getD,+xml,lian,afd,afd,otionEvent,afd,lian,lian,lian,�,AndHashCode, metal, fence,围, , 
1367,audio,听得,听得,听得,听得,听得,雁,雁,雁,听得,雁,雁,yb,�,โ,柴,柴,柴,柴,柴,"*)""","*)""",子弟,xfb,xfb,xfb,xfb,xfb,xfb,xfb,โ,โ,------+,�, , ,"
"
1368,audio,ammo,")!
",笸,笸,")!
",甚至还,笸,笸,笸,甚至还,甚至还,铢,铢,铢,铢,铢,铢,铢,铢,-FIRST,铢,铢,-FIRST,铢,-FIRST,-FIRST,铢,铢,xfb,<![,<![,"""w", , , ,"
"
1369,audio,isContained,ystack,ystack,ystack,isContained,upply,upply,德尔,ystack, ProductService,_IMPORTED,_IMPORTED, ,�,察看,REC,REC, AssemblyFileVersion, AssemblyFileVersion,ynchronized,ynchronized,ynchronized,赪,dq,交易平台,交易平台,交易平台,磬,磬,磬,磬, , , , , 
1370,audio,褫,不曾,不曾,不曾,PathComponent,主办方,Installed,不曾,.cloudflare,.cloudflare,.cloudflare,.cloudflare, ,无线电,无线电, ,无线电,甚至还,甚至还,"
",甚至还,甚至还,觉得很,permalink,permalink,permalink,"""w","""w", , , , ,"
","
", ,"
"
1371,audio,地方,臾,臾,臾,臾,sampling,sampling,sampling,sampling,samples,eel,ерт,eel,甚至还,甚至还,甚至还,imulator,"*)""","*)""","*)""","*)""","*)""",imulator,-Christian,-Christian,-Christian,█,imulator,imulator,imulator,imulator,开来,炮,开来, , 
1372,audio,-modal,*j,*j,/stretch,ableObject,"*)""","*)""","*)""","*)""","*)""",ZH,tright,tright,ourd,ourd,"*)""","*)""","*)""","*)""","*)""","*)""","*)""","*)""","*)""","*)""",ュー,<![,<![,<![,现已,现已,/licenses,摩托, , , sound
1373,audio, lept,otle,otle,罅,罅,走廊,走廊,走廊,走廊,走廊,ety,ety,ety,ourd,ourd,ourd,ourd,ourd,ourd,ourd,ourd,ourd,�,�,�,<![,โ,โ,<![,<![,�,y,�, , ,y
1374,audio,edList,edList,edList,edList,edList,edList,edList,胄,胄,tsx,tsx,tsx,源源,ourd,"*)""","*)""","*)""","*)""","*)""","*)""","*)""",ingly,ingly,ingly,ingly,ingly,โ,โ,​,​,�,​,�,----------------------------------------------------------------------,",",","
1375,audio,Apis,AttributeName,季后,季后,季后,季后,/Internal,/Internal,matchCondition,/Internal,efd,efd,.GroupLayout,为您,eel,eel,;&#,sar, ImportError,COND, ProductService, =======, =======,鞘, =======,inality,getResponse,个小, =======,uml,********************,********************,uml, , ,"
"
1376,audio,.cloudflare,.cloudflare,.cloudflare,.cloudflare,.cloudflare,.cloudflare,.cloudflare,.cloudflare,.cloudflare,.cloudflare,.cloudflare,.cloudflare,.cloudflare,  ,  ,dzi,sar,sar,苕,permalink,permalink,permalink,permalink,permalink,permalink,permalink,permalink,permalink,COND,COND,lian,lian,lian,lian, ,"
"
1377,audio, lept,UCT,UCT,UCT,UCT, jenter, jenter, jenter,_TA,肇,_TA,肇,<![,ourd,ourd,�,ourd,"*)""",/LICENSE,恨不得,ynet,ynet,ynet,/LICENSE,/LICENSE,ynet,ynet,imulator,imulator,一开始就,一开始就,摩托, engine, engine, , 
1378,audio,AAD,AAD,AAD,UCT,UCT, jenter, HttpURLConnection, HttpURLConnection, HttpURLConnection,的身份,ocl,ocl,ocl,ugen,ety,ety,"*)""","*)""","*)""","*)""",ynet,ynet,就觉得,SES,小编一起,为您,/licenses,为您,为您,ynet,联,ynet, engine,机, , 
1379,audio,KIT,subcategory,subcategory,bucks,bucks,点多,xDD,getWindow,xDD,getWindow,getWindow,getWindow,ourd,非常多的,.constraint,getWindow,ynet,"*)""","*)""",源源,源源,ynet,gü,SBATCH,ynet,ynet,ynet,imulator,imulator,imulator,imulator,摩托, engine, id, , 
1380,audio,批次,批次,批次,批次,批次,批次,批次,批次," ,""",报记者,ettel,在玩家,ffd,甚至还,不知不,getElement,不知不,sar,permalink,甚至还,ystate, =======,getAs,permalink,permalink,permalink,permalink,getAs,yw,yw,****************************,█,能在, , ,"
"
1381,audio,耘,聆,聆,聆,聆,聆,xDD,erdem,叫我,erdem,叫我,.createFrom,.qq,甚至还,甚至还,甚至还,erdem,xEA,EncodingException, ProductService,小编一起,imulator,imulator,imulator,小编一起,eparator, getProperty,imulator,imulator,elivery,elivery,炮,炮,炮, machine, 
1382,audio,研究成果,庭,ikt,progressbar,progressbar,progressbar,progressbar,progressbar,orate,orate,pcm, ProductService, ProductService,甚至还,︵,︵,︵,小编一起,小编一起,小编一起,小编一起,小编一起,小编一起,imulator,小编一起,小编一起,imulator,imulator,imulator,imulator,imulator,imulator,炮,枪, , 
1383,audio,Marca,Marca,Marca,Marca,Marca,Marca,xDD,xDD,getWindow,getWindow,getWindow,getWindow,getWindow,.constraint,.constraint,.constraint,gü,"*)""","*)""",gü,gü,gü,gü,gü,gü,ynet,ynet,imulator,imulator,一开始就,�,�,�,",", ,","
1384,audio,azy,ıc,ıc,azy,azy,azy,azy,azy, )*,ıc,ıc,ıc,eea,imulator,imulator,imulator,imulator,imulator,imulator,imulator,imulator,imulator,imulator,ς,ς,ς,�,�,�,imulator,�,�,�, , , 
1385,audio,eah,getWindow,getWindow,getWindow,getWindow,getWindow,getWindow,getWindow,getWindow,getWindow,getWindow,ableObject,ynet,ynet,ynet,ynet,ynet,"*)""",ynet,ynet,ynet,ynet,getWindow,小编一起,小编一起,imulator,imulator,imulator,imulator,imulator,imulator,imulator, engine, engine, , 
1386,audio,ableObject,starter,subcategory,subcategory,subcategory,getWindow,getWindow,getWindow,getWindow,getWindow,getWindow,ableObject,ynet,ynet,ynet,ynet,ynet,"*)""","*)""",ynet,ynet,ynet,ynet,ABCDE,小编一起,为什么不,为什么不,imulator,imulator,imulator,一开始就,ynet, engine, engine, , 
1387,audio,ivet,ivet,ivet,ivet,ivet,ivet,､,ableObject,ableObject,ableObject,_IMPORTED,_IMPORTED, ProductService, ProductService,-Clause,_IMPORTED,_IMPORTED,/env,/licenses,为您,cbd,/licenses,roma, , , , , , ,​,..., ,炮,​, , 
1388,audio,Marca,Marca,Marca,subcategory,Marca,getWindow,getWindow,getWindow,getWindow,getWindow,getWindow,getWindow,getWindow,.constraint,.TextImageRelation,.TextImageRelation,.TextImageRelation,ourd,ourd,ourd,gü,ynet,小编一起,小编一起,小编一起,ynet,ynet,一开始就,现已,一开始就,现已,现已,�, , , engine
1389,audio,Marca,Marca,Marca,bucks,bucks,bucks,xDD,getWindow,getWindow,getWindow,getWindow,ableObject,JUnit,.constraint,.constraint,.constraint,gü,"*)""",gü,gü,gü,gü,gü,gü,gü,gü,ynet,ynet,imulator,一开始就,�,�,发电机,发电机, ,","
1390,audio,讦,日照,elter,AttributeValue,日照,elter,elter,elter,ableObject,ableObject,👈,ocl,yb,LookAndFeel,ynet,ynet,ynet,ynet,ynet,ynet,👈,ynet,👈,"%""",👈,INCLUDING,INCLUDING,INCLUDING,INCLUDING,INCLUDING,�,�,�,",", ,地点
1391,audio,ure,事,事,如何去,如何去,فين,如何去,如何去,如何去,如何去,�,eea,eea,eea,eea,伪,伪,忤,"*)""",ynet,�,ynet,ynet,imulator,透,imulator,�,�,�,�,�,�,�,",", , sounds
1392,audio, Terr, Terr, Terr, Terr,Runtime, Terr,Runtime,Runtime,们都,们都,们都,eea, �,แ, �,"
",;l,"
",s,s,s,s,esktop,自来, �, �,mpl,s, �,�,p,�,�,�, ,plus
1393,audio,"""<?","""<?","""<?","""<?",ptest,联合会,联合会,联合会,联合会,联合会,.SizeType,声道,LookAndFeel,""">&#",ldb,重要举措,不知不,得天独厚,不知不,COND,COND,COND,ystate,ystate,COND,另行,uml," -

",uml,uml,uml,uml,uml,uml, ,"

"
1394,audio,联合会,联合会,联合会,ptest,ptest,联合会,联合会,联合会,联合会,联合会,ptest,ableObject,>).,甚至还,imd,REFERRED,imd,_music,PostExecute,_music,dsp,_music,磬,鼓,鼓,鼓,>).,/licenses,/licenses,uml,ipation, ,"
","
", ,"
"
1395,audio, fisse, fisse, fisse,chandle, fisse, fisse,chandle,chandle,chandle,chandle,fillType,>).,ABCDE,甚至还,>).,我才,我才,/licenses,/LICENSE,/licenses,小编一起,小编一起,小编一起,小编一起,小编一起,/licenses,/licenses,/licenses,/licenses,/licenses,/licenses,/licenses,引擎, engine, , 
1396,audio, fisse,杼, fisse, fisse, fisse, fisse, fisse, fisse, porr, porr,*&,-&,ABCDE,�,�,"*)""",蚱,"*)""",/LICENSE,住房和,住房和,住房和,小编一起,住房和,小编一起,小编一起,/licenses,/licenses,/licenses,/licenses,/licenses,ystate, engine,机, ,","
1397,audio,StartPosition,StartPosition, kvinne,各样,各样,各样,各样,各样,各样,各样,SEQUENTIAL,裟,<![,ugen,%p,蚱,蚱,蚱,为您,蚱,edImage,.mb,%p,%p,inand,省教育,为您,为您,摩托,辆,emachine,道路,omba,_, , 
1398,audio,Marca,Marca,Marca,getWindow,getWindow,getWindow,getWindow,getWindow,getWindow,getWindow,getWindow,getWindow,getWindow,.TextImageRelation,.TextImageRelation,.TextImageRelation,.TextImageRelation,.TextImageRelation,edImage,getWindow,gü,ynet,为什么不,为什么不,为什么不,为什么不,为什么不,ynet,现已,现已,现已,现已, engine, engine, ,","
1399,audio,Marca,Marca,Marca,getWindow,Marca,getWindow,getWindow,getWindow,getWindow,getWindow,getWindow,getWindow,一开始就,.createFrom,一开始就,ynet,ynet,"*)""",ynet,ynet,ynet,ynet,小编一起,小编一起,小编一起,ynet,ynet,ynet,imulator,imulator,一开始就,现已, engine, engine, ,","
1400,audio,azy,azy,azy,azy,azy,azy,azy,azy,ACP,YW,YW,ICC,.qq, manh, manh,�,_IMPORTED,_IMPORTED,cbd,cbd,-Clause,-Clause,"""w","""w",dq,​,"""w","""w","""w","""w",CW,"""w", shooting,战, , 
1401,audio,财物,ABCDE,ABCDE, pij,ABCDE,ABCDE,ABCDE,ABCDE,ABCDE,ABCDE,ABCDE,ABCDE,ABCDE,-Allow,"*)""","*)""","*)""","*)""","*)""","*)""","*)""","*)""","*)""",/licenses,"*)""",ABCDE,/licenses,imulator,>).,imulator,ELS,道路, engine, engine, ,.
1402,audio,ijkl,_nbr,_nbr,_nbr,_nbr,�,�,�,�,�,日报,�,国家重点,甚至还,不知不,erdem,erdem,erdem,erdem,/licenses, ProductService,imulator,/licenses,imulator,/licenses,/licenses,/licenses,/licenses,ImageContext,日报道, , , , , , 
1403,audio,_nbr, racially,_nbr,不间,不间,不间,不间,不间,不间, ContentView, #####,�,�,甚至还,甚至还,xCB,不知不,․,不知不,不知不,.SizeType,permalink,NavController,/licenses,(forKey, WARRANT,在网络,在网络,/licenses,/licenses,/licenses,pone,分期,ipa,),:
1404,audio, assignable, assignable, assignable, assignable, assignable, assignable, assignable,getWindow,getWindow,getWindow,getWindow,ableObject,经济技术,.createFrom,风雨,.createFrom,/LICENSE,"*)""",/LICENSE,ynet,ynet,ynet,小编一起,小编一起,小编一起,Seat,Seat,imulator,现已,一开始就,一开始就,现已, engine, engine, , 
1405,audio,ystack,ystack,NewLabel,NewLabel,NewLabel,odelist,odelist,odelist, yal, yal, ContentView, ContentView,dsn, ContentView,setType,REC,︵,undler, ContentView,+xml,�,�,�,�,�,�,�,三个,三个,三个,三个, three,三, three, , 
1406,audio,VRT,VRT,VRT,VRT,VRT,VRT,xDD,getWindow,getWindow,getWindow,getWindow,getWindow,getWindow,_IMPORTED,不小的,getWindow,getWindow,"*)""","*)""",ynet,ynet,ynet,getWindow,(expect,(expect,/licenses,�,�,�,�,�,�,�,/licenses, , vehicle
1407,audio,.WriteAll,.WriteAll,因地,因地,.WriteAll,.WriteAll,不下,不下,不下,不下,ıc,.createFrom,eea,ৎ,ynet,ynet,ς,"*)""","*)""",ynet,ynet,ynet,ς,ς,ς,ς,ynet,ynet,�,�,�,/licenses,�,/licenses, ,机
1408,audio,迳,xAB,xAB,xAB,xAB,xAB,xAB,влечен,влечен,ABCDE,+xml,+xml,.jetbrains,.jetbrains,ABCDE,.jetbrains,◁,plr,ABCDE,plr,-FIRST,ABCDE,◁,◁,plr,plr,plr,plr,matchCondition,matchCondition,�,�,�, , ,汽车
1409,audio,kol,HEST,HEST,HEST,HEST,HEST,HEST,HEST,ABCDE,ABCDE,ABCDE,.wp,|M,.wp,.wp,.SizeType,-Clause, wireType,+xml,_IMPORTED,edException,edException,edException,edException,edException,😅,cbd,_IMPORTED,_IMPORTED,的身份,的身份, , tag, tag, , 
1410,audio,acus,acus,acus,acus,acus,acus,acus,如何去,👈,如何去,👈,LookAndFeel,eea,ynet,ynet,ynet,ynet,ynet,ynet,ynet,ynet,ynet,ynet,ynet,ynet,ynet,"""w",�,�,�,�,"""w",�,",", ,"
"
1411,audio,s,如何去,如何去,如何去,如何去,如何去,s,s,s,s,s,s,s,s,s,s,s,s,s,s,s,s,s,s,s,s,s,s,s,s,s,s,s,",", ,"
"
1412,audio,s,IRR,IRR,IRR,IRR,IRR,IRR,sut,IRR,s,s,s,s,s,erdem,erdem,erdem,ELS,ELS,sar,ertools,sar,s,sar,sar,�,�, , , , , , , , , 
1413,audio,统一,IRR,tractor,tractor,tractor,资源,�,ABCDE, �,�, �,_IMPORTED,�,�,_IMPORTED,�,�,�,�,�,�,�,�,�,�,�,�,�,�,​,​, , shot, , , 
1414,audio,arkan,arkan,arkan,arkan,arkan,arkan,arkan,arkan,ableObject,ableObject,ableObject,ableObject,.SizeType,甚至还, ProductService, ProductService, ProductService,"*)""","*)""","*)""","*)""",s,navigation,dq,dq,urrency,urrency,-Christian,-Christian,-Christian,ladesh,",",ladesh,",",",","
"
1415,audio,杼,杼,杼,杼,杼,杼,杼,杼,杼,杼,ableObject,ableObject,tright,<![,<![,<![,<![,<![,<![,<![,<![,<![,<![,<![,<![,<![,<![,<![,<![,<![,<![,或多,炮, , ,","
1416,audio,杼,杼,essional,杼,essional,essional,edList,edList,edList,edList,ynet,<![,<![,<![,<![,<![,<![,<![,<![,<![,<![,<![,<![,现代社会,<![,<![,<![,<![,<![,<![,<![,<![,车,车, ,","
1417,audio,essional,essional,essional,-mort,侧面, assignable,essional,ableObject,ableObject,ableObject,ableObject,ableObject,ableObject,ableObject,<![,<![,<![,<![,<![,<![,<![,递给,edException,edException,edException,<![,edException,<![,<![,<![,<![,<![,门, , ,","
1418,audio,ammo, Britt,ammo,笸,decode,笸,笸,nqu,-License,-License,-License,-License,-License,<![,<![,-License,-License,xfb,matchCondition,getResponse,getResponse,matchCondition,xfb,xfb,xfb,matchCondition,xfb,matchCondition,matchCondition,xfb, , , , , ,"
"
1419,audio,哑,哑,哑,哑,哑,CMP,哑,CMP,CMP,CMP,�,�,�,嘌,察看,�,察看,�,�,SuccessListener,SuccessListener,SuccessListener,SuccessListener,但是我,灞,灞,-, , , , , , , , , 
1420,audio, tục,便于,ilor,便于,便于,便于,便于,便于,فين,.cloudflare,.cloudflare, bloginfo, , , , , ,"
", ,"
",甚至还,甚至还,甚至还,甚至还,甚至还,甚至还,rq, ,"""h", , , ,"
", , ,"
"
1421,audio,Toolkit,Toolkit,Toolkit,Toolkit,Toolkit,Toolkit,Toolkit,Toolkit,すぐに,すぐに,永不,一开始就, , ,甚至还,甚至还,imulator, ,甚至还, lastIndex,永不,永不,",rp",█,",rp",",rp","""w","""w",",rp", ,"""w", , , , , 
1422,audio,otp,otp,otp,otp,otp,otp,otp,otp,otp,otp,ocl,一开始就,ocl,一开始就,一开始就,一开始就,xEA,酩,/LICENSE,酩,小编一起,酩,小编一起,小编一起,小编一起,ystate,ldb,一开始就,一开始就,一开始就,<![,/licenses, engine, engine, , engine
1423,audio, integerValue,xac,xac,xac,xFA,xac,xac,xac," !""",ddb,ddb,一开始就,一开始就,一开始就,一开始就,ELS,ELS,个交易,小编一起,小编一起,小编一起,小编一起,InBackground,█,目前正在,目前正在,招聘信息,目前正在,目前正在,█,rary,烟花, gun, gun, , 
1424,audio,HU,HU,HU,BTN,odesk,/control,/control,/control,/control," !"""," !""",orges,的身份,甚至还,甚至还,"*)""","*)""","*)""",甚至还,"*)""", ProductService, =======,////////////////////////////////////////////////////////////////////////////,/licenses,我不想,甚至还,甚至还,但是我,但是我,█,█,█,█, , ,.
1425,audio, Freeze,otp,*j,otp,otp,otp,otp,otp,otp,otp,ocl,一开始就,ocl,ourd,一开始就,一开始就,ourd,ourd,ourd,ourd,ourd,SBATCH,SBATCH,SBATCH,ourd,ourd,永不,<![,<![,<![,<![,现已,<![, , , machine
1426,audio, Freeze,联合会,联合会,xCF,酩,酩,酩,_TA,_TA,_TA,_TA,一开始就,一开始就,一开始就,一开始就,█,semb,edImage,edImage,小编一起,edImage,小编一起,小编一起,小编一起,小编一起,为什么不,xfb,/licenses,/licenses,现已,现已,/licenses,/licenses, , , 
1427,audio,桴,杼,杼,杼,otp,otp,otp,otp,裟,otp,ocl,裟,ocl,ourd,ourd,ourd,ourd,ourd,ourd,ourd,ourd,ourd,源源,源源,源源,源源,源源,一开始就,一开始就,<![,<![,现已,<![, , , machine
1428,audio,subcategory,subcategory,subcategory,subcategory,subcategory,*dt,*dt,*dt,*dt,奥地,一开始就,一开始就,一开始就,一开始就,一开始就,一开始就,酩,酩,酩,酩,edImage,酩,酩,SBATCH,amodel,iore,UIFont,小编一起,小编一起,一开始就,emachine,/licenses,emachine,yen, , 
1429,audio,getResource,*j,*j,chandle," !"""," !""",otp,tà,"*)""","*)""","*)""",闳,.qq,"*)""",ddb,"*)""","*)""","*)""","*)""","*)""","*)""","*)""","*)""",cxx,cxx,cxx,█,█,█,现已,█,现已,现已, , , bass
1430,audio,听得,听得,xac,xac,otp,otp,otp,辅导员,辅导员,getWindow,getWindow,dsn,.qq,一开始就,一开始就,一开始就,一开始就,酩,█,ynet,ynet,ynet,SBATCH,SBATCH,xfb,getError,SBATCH,")(""",edImage,一开始就,<![,现已,gnu, , , machine
1431,audio,toolbox,toolbox,toolbox,toolbox,.minutes,toolbox,toolbox,日报记者,日报记者,日报记者, basePath,ypy,"*)""",甚至还,甚至还,不知不,不知不,甚至还,甚至还,甚至还,xEA, =======,xEA,xEA,..............., #####,科技大学,acle,磬,磬,imdi,********************,********************,izu,"
","
"
1432,audio,桴,桴,*j,getWindow,getWindow,getWindow,otp,otp,otp,otp,Occurred,裟,ourd,ourd,ourd,ourd,ourd,ourd,ourd,ourd,ourd,ourd,源源,源源,源源,源源,源源,一开始就,一开始就,<![,<![,现已, �, , ,","
1433,audio,统一,BTN,tractor,tractor, loginUser,资源, �, […, �,�,_IMPORTED,_IMPORTED,_IMPORTED,磋,�,_IMPORTED,�,_IMPORTED,�,�,�,�,�,�,为您,�,�,�,​,​,...,听, , , ,1
1434,audio,toolbox,做到,做到,toolbox,toolbox,getWindow,ReturnValue,辅导员,getWindow,ReturnValue,.getD,""")(",""")(", manh,ffb,""")(",""")(",;&#,小编一起,小编一起,小编一起,imulator,afd,afd,ibase,ibase,getList,imulator,imulator,getList,getList,&_,弹,​, , 
1435,audio,segue,事,segue,azy,azy,azy,azy,azy,.getD,.getD,.getD,"""w",yb,"""w", manh,yb,如何去,+xml,+xml,+xml,+xml,+xml,+xml,+xml,+xml,+xml,imulator,imulator,imulator,LookAndFeel,LookAndFeel, natural, natural, , , 
1436,audio,统一,统一,统一,ım,ım,ım,-caption,-caption,-caption,/Internal,.getD,等方面的,等方面的,"*)""",小编一起,;&#,�,小编一起, ProductService, ProductService, ProductService,小编一起,"""w",imulator,cdb,�,一开始就,imulator,不断,ystate,emachine,炮, shooting, gun, , 
1437,audio,桴,otp,otp,otp,otp,otp,otp,otp,otp,otp,otp,一开始就,来不及,ourd,ourd,ourd,ourd,otp,ourd,ourd,ourd,ourd,源源,源源,源源,永不,源源,一开始就,永不,<![,<![,现已,现已, , , machine
1438,audio,getResource,getResource,xac,xac,xac," !""",getResource,"*)""","*)""",sonian,sonian,.SizeType,.SizeType,.SizeType,一开始就,.SizeType,_framework,edImage,edImage,""">*</",小编一起,/licenses,|M,为您,etheus,inent,inent,招聘信息,imulator,imulator,getList,_LOADING, shooting, shoot, , 
1439,audio,桴,*j,*j,getWindow,getWindow,getWindow,getWindow,getWindow,getWindow,getWindow,Occurred,一开始就,来不及,ourd,一开始就,ourd,ourd,ourd,ourd,ourd,ourd,ourd,ourd,源源,ourd, Keystone,edBy,一开始就,<![,<![,<![,现已,现已, , ,shot
1440,audio,惮,getWindow,getWindow,getWindow,getWindow,getWindow,getWindow,getWindow,getWindow,getWindow,getWindow,一开始就,eea,一开始就,透,ourd,ReturnValue,ourd,inent,"*)""","*)""",yth,getWindow,getWindow,getWindow,SBATCH,SBATCH,inent,;&#,ourd,现已,现已,现已, , , engine
1441,audio,油气,getWindow,getWindow,getWindow,getWindow,getWindow,getWindow,getWindow,getWindow,getWindow,getWindow,一开始就,eea, �,透,ReturnValue,ReturnValue,ReturnValue,ReturnValue,肺炎,;&#,肺炎,getWindow,;&#,xfb,xfb,;&#,;&#,;&#,;&#,;&#,",",",",",", ,引擎
1442,audio,惮,惮,惮,venir,venir,venir,venir,venir,venir,venir,"
", �,lian, , ,s,s,lian,lian,",",",",",","
",😅,;l,",",",",不小的,lian,",",",",",",",",",", ,"
"
1443,audio,联合会,联合会,联合会,"""<?",联合会,联合会,联合会,联合会,联合会,联合会,.SizeType,�,.GroupLayout,ardy, ProductService,REFERRED, ProductService,dsp,另行,dsp,diamond,另行,diamond,吃得,吃得,另行,.bp,lus,lus,uml,uml,ıc,uml,"
", ,"
"
1444,audio,听得,ByID,ByID,ByID,ByID, fisse,ByID,来不及,(___,(___,琅,",rp",来不及,谁都,谁都,谁都,谁都,谁都,谁都,谁都,█,█,/licenses,█,/licenses,/licenses,█,/licenses,/licenses,/licenses,/licenses,/licenses,/licenses, , , engine
1445,audio,杼,杼,杼,杼,杼,杼,杼,杼,杼,杼,_IMPORTED,_IMPORTED,_IMPORTED,_IMPORTED,_IMPORTED,_IMPORTED,_IMPORTED,_IMPORTED,_IMPORTED,小编一起,getAs,小编一起,/licenses,/licenses,/licenses,/licenses,/licenses,/licenses,/licenses,/licenses,/licenses,/licenses, engine, engine, ,","
1446,audio,getWindow,getWindow,getWindow,getWindow,getWindow,getWindow,getWindow,getWindow,getWindow,getWindow,getWindow,一开始就,ocl,_IMPORTED,一开始就,一开始就,一开始就,酩,酩,酩,小编一起,小编一起,为什么不,getAs,生意,/licenses,/licenses,/licenses,/licenses,/licenses,/licenses,/licenses, engine, engine, , 
1447,audio,subcategory,subcategory,subcategory,subcategory,subcategory,getWindow,getWindow,getWindow,getWindow,getWindow,一开始就,一开始就,一开始就,.createFrom,一开始就,一开始就,edImage,酩,酩,酩,酩,酩,GetProperty,酩,inent,inent,erner,erner,erner,erner, #####,/licenses, engine, , ,","
1448,audio,日报记者,垛,_nbr,_nbr,_nbr,日报记者,日报记者,日报记者,日报记者,日报记者,日报记者,甚至还,甚至还,甚至还,甚至还,不知不,不知不,;&#,甚至还,ernote,ernote, =======,getAs,xEA,在玩家,acle,acle,acle,acle,acle,acle,非要,分期,★, ,"
"
1449,audio,一体,查验,查验,查验,查验,查验,查验,"[]""",一开始就,"[]""",][/,"[]""",.SizeType,.SizeType,;&#,.SizeType,.SizeType,.SizeType,.SizeType,imulator,;&#,█,以人民为,imulator,�,imulator,imulator,�,efd, , , man, , , , 
1450,audio,统一,统一,统一,请联系,"+""'","+""'","+""'","+""'",更要, Keystone,_IMPORTED,等方面的,等方面的,等方面的,_IMPORTED,�,/licenses,�,�,�,�,​,​,​,​,​, �, ,imulator,imulator, sounds,这是我们, shooting,枪, , 
1451,audio,otp,otp,getWindow,otp,otp,otp,otp,otp,getWindow,otp,otp,一开始就,来不及,ourd,ourd,ourd,ourd,ourd,ourd,ourd,ourd,ourd,小编一起,小编一起,小编一起, Keystone,小编一起,永不,)r,<![,现已,现已,现已, , , machine
1452,audio,大户,subcategory,subcategory,subcategory,subcategory,subcategory,getWindow,tà,tà,getWindow,getWindow,一开始就,一开始就,一开始就,一开始就,ourd,ourd,ourd,ourd,ourd,ourd,ourd,ourd,ourd,为什么不,cxx,cxx,小编一起,)r,)r,edImage,ladesh, engine, , , engine
1453,audio,=password,因地,---</,---</, >(, <![, <![,"[]""",一开始就,一下子就,----</,xfb,.SizeType,.SizeType,.SizeType,-Clause,""">&#",;&#,甚至还, ProductService,郅,郅,-Clause,-Clause,-Clause,肺炎,肺炎,肺炎,肺炎,lian,<|endoftext|>,<|endoftext|>,"
", , , 
1454,audio,因地,因地,因地,---</, >(,---</, <![,EncodingException,EncodingException,EncodingException,EncodingException,xfb,.SizeType,.SizeType,.SizeType,xfb,ernote,ernote,ernote,ernote,ernote,ernote,ernote,-Clause,-Clause,-Clause,�,�,�,​,...,...,"
","
", ,"
"
1455,audio,颈部,颈部, 自动生成,颈部,颈部,颈部,颈部,颈部,颈部,颈部,央,央,NavController,甚至还,dsn,&p,&p,&p,甚至还,&p,&p,NavController,NavController,permalink,小编一起,permalink,小编一起,.tc,�,�,xfb,",",",", , ,")
"
1456,audio,getWindow,getWindow,getWindow,getWindow,getWindow,getWindow,getWindow,getWindow,getWindow,getWindow,getWindow,一开始就,来不及,.createFrom,一开始就,一开始就,一开始就,ourd,我才,ourd,ourd, Keystone,SBATCH, Keystone, Keystone, Keystone, Keystone, Keystone,<![,<![,<![, , , , ,","
1457,audio,起伏,getWindow,getWindow,getWindow,getWindow,getWindow,getWindow,getWindow,getWindow,getWindow,YW,sonian, ,非常多的,一开始就,非常多的,�,_IMPORTED,ς,_IMPORTED,edException,住房和,于一体的,imulator,AndHashCode,AndHashCode,AndHashCode,imulator,imulator,​,​, white,牛, , , 
1458,audio,迳,"+""'","+""'","+""'",fillType,/Internal,/Internal,/Internal,/Internal,/Internal,/Internal,efd,甚至还,甚至还,甚至还,甚至还,甚至还,getResponse,甚至还,getResponse,getResponse,ynet,NavController,NavController,甚至还,甚至还,甚至还,甚至还,甚至还,甚至还,甚至还,甚至还, , , ,"
"
1459,audio,MU,TEE,TEE,EventListener,TEE,TEE,EventListener,imizer,imizer,dzi,ABCDE,_IMPORTED,ABCDE,ABCDE,ABCDE,_IMPORTED,_IMPORTED,_IMPORTED,_IMPORTED,_IMPORTED,_IMPORTED,_IMPORTED,_IMPORTED,",rp",",rp",_IMPORTED,_IMPORTED,edException,.SizeType,个小,_ENC, dog, dog, dog, , 
1460,audio,�,�,�,､,､,､,､,､,､,"[]""",_IMPORTED,_IMPORTED,�,�, manh,�,/licenses,为您,�,�,�,<![,​,​, �, �, �, ,�,为您,为您,_war,_war,_war, , 
1461,audio,getWindow,getWindow,getWindow,getWindow,getWindow,getWindow,getWindow,getWindow,getWindow,getWindow,subcategory,一开始就,一开始就,一开始就,一开始就,_IMPORTED,.TextImageRelation,.TextImageRelation,.TextImageRelation,酩,小编一起,小编一起,小编一起,ardy,小编一起,为什么不,�,�,现已,一开始就,�,现已, engine,机, ,","
1462,audio,ventory,ventory,ventory,ventory,ventory,ventory,ventory,ventory,ventory,SWG,afd,yb,yb,ldb,ldb,COND,COND,RID,conds,�,ldb,",rp",nodoc,�,nodoc,nodoc,�,yb,"""w","""w","""w",yb,ogl,"
","
","
"
1463,audio,AttributeName,getWindow,AttributeName,AttributeName,getWindow,getWindow,getWindow,getWindow,getWindow,getWindow,getWindow,一开始就,一开始就,一开始就,一开始就,一开始就,一开始就,imulator,imulator,imulator,小编一起,小编一起,<![,<![,inent,inent,imulator,imulator,imulator,imulator,一开始就,机,弹, gun, , 
1464,audio,舒,TEE,TEE,TEE,TEE,TEE,TEE,TEE,groupon,groupon,ıklı,eea,eea,维,维,っ,_IMPORTED,ients,"*)""","*)""",lian, WithEvents,住房和,"*)""",住房和,/epl,ients,_,�,_,_,_,_, ,",",ToLeft
1465,audio," …

",AttributeName,AttributeName,ventory,fillType," …

",fillType,fillType,fillType,ForgeryToken,ForgeryToken,ForgeryToken,useRalativeImagePath,useRalativeImagePath,BootApplication,uD,egl,yb, ProductService, ProductService,.SizeType, **************************************************************************,////////////////////////////////////////////////////////////////////////////, ************************************************************************, ************************************************************************, ************************************************************************,�,�,�,�,AFX,*,AFX,*, ,2
1466,audio,DMI,DMI,DMI,返回搜狐,返回搜狐,返回搜狐,返回搜狐,返回搜狐,返回搜狐,返回搜狐,返回搜狐,ForgeryToken,oord,oord,-UA,=Value,如果玩家,-UA,=Value, ContentView,PropertyValue,AAD,人际,.getResponse,.getResponse,圩,尕,yd,AFX,yd,葭,葭,葭, , ,2
